TANGGAL,T_AVG,RH,RR,RR_rolling3,RR_rolling5,risk_level,banjir_biner,KejadianBanjir,delay_factor
2024-03-01,28.6,83.0,1.5,3.6,13.2,1,1,1,1.0
2024-03-02,27.7,85.0,11.2,14.099999999999998,14.799999999999995,1,0,0,1.0
2024-03-03,27.9,87.0,15.3,28.0,30.1,2,0,0,1.2
2024-03-04,28.9,82.0,10.9,37.4,40.3,2,0,0,1.2
2024-03-05,29.4,82.0,1.6,27.8,40.5,2,0,0,1.2
2024-03-06,28.9,83.0,0.2,12.7,39.2,2,0,0,1.2
2024-03-07,29.5,81.0,0.0,1.7999999999999985,28.0,2,0,0,1.2
2024-03-08,29.1,80.0,0.0,0.1999999999999982,12.7,1,0,0,1.0
2024-03-09,26.4,88.0,0.8,0.7999999999999983,2.5999999999999983,1,0,0,1.0
2024-03-10,28.0,83.0,3.6,4.399999999999999,4.599999999999998,1,0,0,1.0
2024-03-11,29.2,76.0,0.0,4.399999999999999,4.399999999999999,1,0,0,1.0
2024-03-12,29.6,73.0,0.0,3.5999999999999983,4.399999999999999,1,0,0,1.0
2024-03-13,28.8,80.0,0.9,0.8999999999999978,5.299999999999998,1,0,0,1.0
2024-03-14,27.2,88.0,3.1,3.999999999999998,7.599999999999998,1,0,0,1.0
2024-03-15,27.7,83.0,10.0,13.999999999999998,13.999999999999998,1,0,0,1.0
2024-03-16,28.5,78.0,5.6,18.7,19.6,1,0,0,1.0
2024-03-17,28.8,74.0,0.0,15.599999999999998,19.6,1,0,0,1.0
2024-03-18,29.0,72.0,0.0,5.599999999999998,18.7,1,0,0,1.0
2024-03-19,28.9,74.0,0.0,0.0,15.599999999999998,1,0,0,1.0
2024-03-20,29.1,76.0,0.0,0.0,5.599999999999998,1,0,0,1.0
2024-03-21,29.4,77.0,0.0,0.0,0.0,1,0,0,1.0
2024-03-22,28.7,82.0,3.5,3.4999999999999982,3.4999999999999982,1,0,0,1.0
2024-03-23,28.8,82.0,61.0,64.5,64.5,3,0,0,1.5
2024-03-24,29.0,81.0,1.1,65.6,65.6,3,0,0,1.5
2024-03-25,28.7,82.0,3.2,65.3,68.8,3,0,0,1.5
2024-03-26,28.2,83.0,0.0,4.300000000000001,68.8,2,0,0,1.2
2024-03-27,28.6,79.0,35.2,38.400000000000006,100.5,3,0,0,1.5
2024-03-28,27.8,84.0,3.3,38.5,42.8,2,0,0,1.2
2024-03-29,29.4,80.0,0.8,39.3,42.5,2,0,0,1.2
2024-03-30,29.1,81.0,26.0,30.1,65.30000000000001,2,0,0,1.2
2024-03-31,28.8,80.0,24.0,50.8,89.30000000000001,3,0,0,1.5
2024-04-01,28.1,84.0,6.4,56.400000000000006,60.5,3,0,0,1.5
2024-04-02,28.4,85.0,11.3,41.7,68.5,2,0,0,1.2
2024-04-03,29.2,82.0,34.5,52.2,102.20000000000002,3,1,2,1.5
2024-04-04,29.2,82.0,1.5,47.3,77.70000000000002,3,0,0,1.5
2024-04-05,29.9,78.0,40.0,76.0,93.7,3,0,0,1.5
2024-04-06,29.2,78.0,0.2,41.7,87.5,2,0,0,1.2
2024-04-07,29.7,78.0,0.2,40.4,76.4,2,0,0,1.2
2024-04-08,29.6,80.0,0.2,0.6000000000000001,42.1,2,0,0,1.2
2024-04-09,26.5,92.0,67.5,67.9,108.1,3,0,0,1.5
2024-04-10,27.9,85.0,7.9,75.60000000000001,76.0,3,0,0,1.5
2024-04-11,28.7,84.0,32.3,107.7,108.1,4,0,0,2.5
2024-04-12,29.2,83.0,0.8,40.99999999999999,108.7,3,0,0,1.5
2024-04-13,28.8,81.0,6.5,39.6,115.0,4,0,0,2.5
2024-04-14,27.6,87.0,46.1,53.4,93.6,3,0,0,1.5
2024-04-15,29.2,80.0,0.5,53.1,86.19999999999999,3,0,0,1.5
2024-04-16,29.6,81.0,13.3,59.900000000000006,67.2,3,0,0,1.5
2024-04-17,29.2,81.0,1.6,15.4,68.0,2,0,0,1.2
2024-04-18,28.2,84.0,6.2,21.1,67.7,2,0,0,1.2
2024-04-19,28.8,82.0,3.9,11.7,25.5,1,0,0,1.0
2024-04-20,28.3,84.0,1.95,12.05,26.950000000000003,1,0,0,1.0
2024-04-21,28.3,84.0,0.0,5.85,13.65,1,0,0,1.0
2024-04-22,29.2,83.0,0.0,1.95,12.05,1,0,0,1.0
2024-04-23,27.9,88.0,1.5,1.5,7.35,1,0,0,1.0
2024-04-24,29.0,83.0,5.0,6.5,8.45,1,0,0,1.0
2024-04-25,28.2,87.0,2.5,9.0,9.0,1,0,0,1.0
2024-04-26,27.6,86.0,0.0,7.5,9.0,1,0,0,1.0
2024-04-27,28.0,87.0,11.2,13.7,20.2,1,0,0,1.0
2024-04-28,29.1,84.0,5.8,17.0,24.5,1,0,0,1.0
2024-04-29,29.0,82.0,0.0,17.0,19.5,1,0,0,1.0
2024-04-30,28.6,82.0,0.0,5.8,17.0,1,0,0,1.0
2024-05-01,28.4,84.0,6.2,6.2,23.2,1,0,0,1.0
2024-05-02,28.6,83.0,0.0,6.2,12.0,1,0,0,1.0
2024-05-03,28.5,82.0,0.0,6.2,6.2,1,0,0,1.0
2024-05-04,27.5,82.0,0.0,0.0,6.2,1,0,0,1.0
2024-05-05,27.3,79.0,0.0,0.0,6.2,1,0,0,1.0
2024-05-06,27.2,81.0,0.0,0.0,0.0,1,0,0,1.0
2024-05-07,27.9,83.0,0.7,0.7,0.7,1,0,0,1.0
2024-05-08,28.4,82.0,1.4,2.1,2.1,1,0,0,1.0
2024-05-09,28.1,83.0,0.0,2.1,2.1,1,0,0,1.0
2024-05-10,27.9,85.0,0.0,1.4,2.1,1,0,0,1.0
2024-05-11,28.1,84.0,0.0,0.0,2.1,1,0,0,1.0
2024-05-12,27.8,85.0,0.0,0.0,1.4,1,0,0,1.0
2024-05-13,27.9,83.0,0.0,0.0,0.0,1,0,0,1.0
2024-05-14,27.8,82.0,0.0,0.0,0.0,1,0,0,1.0
2024-05-15,27.7,83.0,0.0,0.0,0.0,1,0,0,1.0
2024-05-16,27.8,82.0,0.0,0.0,0.0,1,0,0,1.0
2024-05-17,28.1,82.0,0.0,0.0,0.0,1,0,0,1.0
2024-05-18,28.1,82.0,0.0,0.0,0.0,1,0,0,1.0
2024-05-19,27.9,79.0,0.0,0.0,0.0,1,0,0,1.0
2024-05-20,27.8,80.0,0.0,0.0,0.0,1,0,0,1.0
2024-05-21,27.4,82.0,0.0,0.0,0.0,1,0,0,1.0
2024-05-22,27.5,82.0,0.0,0.0,0.0,1,0,0,1.0
2024-05-23,27.7,83.0,0.0,0.0,0.0,1,0,0,1.0
2024-05-24,27.6,84.0,0.0,0.0,0.0,1,0,0,1.0
2024-05-25,27.9,84.0,0.0,0.0,0.0,1,0,0,1.0
2024-05-26,28.0,82.0,0.0,0.0,0.0,1,0,0,1.0
2024-05-27,28.0,83.0,0.0,0.0,0.0,1,0,0,1.0
2024-05-28,28.1,84.0,0.0,0.0,0.0,1,0,0,1.0
2024-05-29,28.5,81.0,0.0,0.0,0.0,1,0,0,1.0
2024-05-30,28.4,80.0,0.0,0.0,0.0,1,0,0,1.0
2024-05-31,28.4,82.0,0.0,0.0,0.0,1,0,0,1.0
2024-06-01,28.8,82.0,3.633333333333333,3.633333333333333,3.633333333333333,1,0,0,1.0
2024-06-02,28.0,86.0,7.266666666666667,10.9,10.9,1,0,0,1.0
2024-06-03,28.6,80.0,10.9,21.8,21.8,1,0,0,1.0
2024-06-04,28.3,79.0,0.0,18.166666666666668,21.8,1,0,0,1.0
2024-06-05,28.2,79.0,0.0,10.900000000000002,21.8,1,0,0,1.0
2024-06-06,28.3,79.0,9.0,9.0,27.166666666666668,1,0,0,1.0
2024-06-07,27.8,82.0,18.0,27.0,37.900000000000006,2,0,0,1.2
2024-06-08,28.3,79.0,0.2,27.2,27.2,2,0,0,1.2
2024-06-09,28.4,82.0,2.0,20.2,29.2,2,0,0,1.2
2024-06-10,28.6,82.0,6.0,8.2,35.2,2,0,0,1.2
2024-06-11,28.6,82.0,7.5,15.5,33.7,2,0,0,1.2
2024-06-12,27.9,82.0,0.4,13.9,16.1,1,0,0,1.0
2024-06-13,28.3,78.0,0.0,7.9,15.9,1,0,0,1.0
2024-06-14,28.8,80.0,0.0,0.4,13.9,1,0,0,1.0
2024-06-15,28.1,85.0,2.7,2.7,10.6,1,0,0,1.0
2024-06-16,28.0,79.0,5.4,8.100000000000001,8.5,1,0,0,1.0
2024-06-17,28.3,82.0,0.0,8.100000000000001,8.1,1,0,0,1.0
2024-06-18,28.1,82.0,120.4,125.8,128.5,4,0,0,2.5
2024-06-19,27.7,76.0,0.0,120.4,128.5,4,0,0,2.5
2024-06-20,28.0,75.0,1.4,121.8,127.2,4,0,0,2.5
2024-06-21,27.6,77.0,0.0,1.4,121.8,4,0,0,2.5
2024-06-22,27.5,77.0,1.1666666666666667,2.5666666666666664,122.96666666666668,4,0,0,2.5
2024-06-23,27.8,79.0,2.333333333333333,3.5,4.9,1,0,0,1.0
2024-06-24,26.8,85.0,3.5,7.0,8.399999999999999,1,0,0,1.0
2024-06-25,27.6,83.0,28.4,34.233333333333334,35.4,2,0,0,1.2
2024-06-26,28.2,83.0,9.3,41.2,44.7,2,0,0,1.2
2024-06-27,28.1,86.0,0.4,38.1,43.93333333333334,2,0,0,1.2
2024-06-28,28.4,84.0,33.5,43.2,75.1,2,0,0,1.2
2024-06-29,28.0,84.0,0.0,33.900000000000006,71.6,2,0,0,1.2
2024-06-30,28.1,81.0,15.0,48.5,58.2,3,0,0,1.5
2024-07-01,28.1,79.0,0.5,15.5,49.400000000000006,2,0,0,1.2
2024-07-02,27.7,84.0,59.1,74.6,108.1,3,0,0,1.5
2024-07-03,28.4,81.0,8.1,67.7,82.7,3,0,0,1.5
2024-07-04,26.9,85.0,3.6,70.8,86.3,3,0,0,1.5
2024-07-05,27.6,82.0,6.7,18.4,78.0,2,0,0,1.2
2024-07-06,27.5,84.0,0.0,10.3,77.5,2,0,0,1.2
2024-07-07,28.0,83.0,1.0,7.700000000000001,19.4,1,0,0,1.0
2024-07-08,27.15,82.5,0.5,1.5,11.8,1,0,0,1.0
2024-07-09,26.3,82.0,0.0,1.5,8.200000000000001,1,0,0,1.0
2024-07-10,27.1,84.0,0.0,0.5,1.5,1,0,0,1.0
2024-07-11,27.1,78.0,0.0,0.0,1.5,1,0,0,1.0
2024-07-12,26.4,79.0,2.2,2.2,2.7,1,0,0,1.0
2024-07-13,26.6,79.0,0.0,2.2,2.2,1,0,0,1.0
2024-07-14,25.9,73.0,0.0,2.2,2.2,1,0,0,1.0
2024-07-15,25.4,79.0,0.0,0.0,2.2,1,0,0,1.0
2024-07-16,25.9,75.0,0.0,0.0,2.2,1,0,0,1.0
2024-07-17,26.6,81.0,0.0,0.0,0.0,1,0,0,1.0
2024-07-18,27.2,81.0,0.0,0.0,0.0,1,0,0,1.0
2024-07-19,26.7,79.0,0.0,0.0,0.0,1,0,0,1.0
2024-07-20,26.9,75.0,0.0,0.0,0.0,1,0,0,1.0
2024-07-21,25.8,80.0,0.0,0.0,0.0,1,0,0,1.0
2024-07-22,25.5,81.0,0.0,0.0,0.0,1,0,0,1.0
2024-07-23,25.6,85.0,0.0,0.0,0.0,1,0,0,1.0
2024-07-24,26.1,86.0,0.0,0.0,0.0,1,0,0,1.0
2024-07-25,26.2,82.0,0.0,0.0,0.0,1,0,0,1.0
2024-07-26,25.7,83.0,0.1,0.1,0.1,1,0,0,1.0
2024-07-27,26.8,81.0,9.4,9.5,9.5,1,0,0,1.0
2024-07-28,26.9,79.0,0.0,9.5,9.5,1,0,0,1.0
2024-07-29,25.9,82.0,0.0,9.4,9.5,1,0,0,1.0
2024-07-30,26.5,83.0,0.0,0.0,9.5,1,0,0,1.0
2024-07-31,26.8,81.0,0.0,0.0,9.4,1,0,0,1.0
2024-08-01,26.8,85.0,1.0,1.0,1.0,1,0,0,1.0
2024-08-02,26.5,89.0,4.9,5.9,5.9,1,0,0,1.0
2024-08-03,27.4,84.0,16.2,22.1,22.1,1,0,0,1.0
2024-08-04,26.8,85.0,2.1,23.2,24.2,2,0,0,1.2
2024-08-05,25.9,79.0,0.0,18.3,24.2,1,0,0,1.0
2024-08-06,26.0,83.0,1.0,3.1,24.2,1,0,0,1.0
2024-08-07,25.5,88.0,0.0,1.0,19.3,1,0,0,1.0
2024-08-08,26.3,89.0,0.2,1.2,3.3000000000000003,1,0,0,1.0
2024-08-09,26.2,87.0,0.0,0.2,1.2,1,0,0,1.0
2024-08-10,26.1,86.0,0.0,0.2,1.2,1,0,0,1.0
2024-08-11,25.9,81.0,0.0,0.0,0.2,1,0,0,1.0
2024-08-12,24.9,76.0,0.0,0.0,0.2,1,0,0,1.0
2024-08-13,23.8,86.0,0.0,0.0,0.0,1,0,0,1.0
2024-08-14,25.4,87.0,0.0,0.0,0.0,1,0,0,1.0
2024-08-15,25.5,81.0,0.0,0.0,0.0,1,0,0,1.0
2024-08-16,24.3,81.0,0.0,0.0,0.0,1,0,0,1.0
2024-08-17,24.4,85.0,0.0,0.0,0.0,1,0,0,1.0
2024-08-18,24.9,85.0,0.0,0.0,0.0,1,0,0,1.0
2024-08-19,25.1,86.0,0.0,0.0,0.0,1,0,0,1.0
2024-08-20,25.2,84.0,0.0,0.0,0.0,1,0,0,1.0
2024-08-21,25.4,85.0,0.0,0.0,0.0,1,0,0,1.0
2024-08-22,25.1,89.0,0.0,0.0,0.0,1,0,0,1.0
2024-08-23,25.1,86.0,0.0,0.0,0.0,1,0,0,1.0
2024-08-24,25.0,89.0,0.0,0.0,0.0,1,0,0,1.0
2024-08-25,25.4,87.0,7.6,7.6,7.6,1,0,0,1.0
2024-08-26,25.7,87.0,0.0,7.6,7.6,1,0,0,1.0
2024-08-27,25.7,85.0,0.0,7.6,7.6,1,0,0,1.0
2024-08-28,25.4,86.0,0.0,0.0,7.6,1,0,0,1.0
2024-08-29,26.0,90.0,0.2,0.2,7.8,1,0,0,1.0
2024-08-30,26.2,84.0,0.0,0.2,0.2,1,0,0,1.0
2024-08-31,26.0,82.0,0.0,0.2,0.2,1,0,0,1.0
2024-09-01,26.5,83.0,0.0,0.0,0.2,1,0,0,1.0
2024-09-02,26.6,83.0,0.0,0.0,0.2,1,0,0,1.0
2024-09-03,26.8,80.0,0.0,0.0,0.0,1,0,0,1.0
2024-09-04,27.1,84.0,59.0,59.0,59.0,3,0,0,1.5
2024-09-05,27.3,85.0,0.0,59.0,59.0,3,0,0,1.5
2024-09-06,27.4,81.0,0.2,59.2,59.2,3,0,0,1.5
2024-09-07,27.3,83.0,1.0,1.2,60.2,2,0,0,1.2
2024-09-08,27.2,86.0,2.0,3.2,62.2,2,0,0,1.2
2024-09-09,27.0,86.0,0.0,3.0,3.2,1,0,0,1.0
2024-09-10,27.3,82.0,0.0,2.0,3.2,1,0,0,1.0
2024-09-11,26.6,88.0,82.4,82.4,85.4,4,0,0,2.5
2024-09-12,27.3,83.0,0.0,82.4,84.4,4,0,0,2.5
2024-09-13,27.2,80.0,0.0,82.4,82.4,4,0,0,2.5
2024-09-14,26.8,81.0,1.3,1.3,83.7,2,0,0,1.2
2024-09-15,26.7,81.0,0.0,1.3,83.7,2,0,0,1.2
2024-09-16,26.6,82.0,0.0,1.3,1.3,1,0,0,1.0
2024-09-17,26.2,79.0,0.0,0.0,1.3,1,0,0,1.0
2024-09-18,26.1,83.0,0.0,0.0,1.3,1,0,0,1.0
2024-09-19,26.1,80.0,0.0,0.0,0.0,1,0,0,1.0
2024-09-20,26.6,78.0,0.0,0.0,0.0,1,0,0,1.0
2024-09-21,27.2,81.0,0.0,0.0,0.0,1,0,0,1.0
2024-09-22,28.4,78.0,0.0,0.0,0.0,1,0,0,1.0
2024-09-23,28.0,85.0,0.0,0.0,0.0,1,0,0,1.0
2024-09-24,27.2,86.0,0.0,0.0,0.0,1,0,0,1.0
2024-09-25,27.3,86.0,0.5,0.5,0.5,1,0,0,1.0
2024-09-26,27.8,82.0,0.0,0.5,0.5,1,0,0,1.0
2024-09-27,28.3,81.0,0.0,0.5,0.5,1,0,0,1.0
2024-09-28,28.7,81.0,0.0,0.0,0.5,1,0,0,1.0
2024-09-29,28.6,83.0,0.0,0.0,0.5,1,0,0,1.0
2024-09-30,28.4,83.0,0.2,0.2,0.2,1,0,0,1.0
2024-10-01,28.4,85.0,0.0,0.2,0.2,1,0,0,1.0
2024-10-02,28.3,83.0,1.5,1.7,1.7,1,0,0,1.0
2024-10-03,27.8,86.0,6.7,8.2,8.4,1,0,0,1.0
2024-10-04,28.4,81.0,0.0,8.2,8.4,1,0,0,1.0
2024-10-05,28.2,82.0,0.0,6.7,8.200000000000001,1,0,0,1.0
2024-10-06,28.6,83.0,0.0,0.0,8.200000000000001,1,0,0,1.0
2024-10-07,28.7,81.0,0.0,0.0,6.7,1,0,0,1.0
2024-10-08,28.5,82.0,0.0,0.0,0.0,1,0,0,1.0
2024-10-09,28.5,83.0,0.0,0.0,0.0,1,0,0,1.0
2024-10-10,28.2,84.0,0.3,0.3,0.3,1,0,0,1.0
2024-10-11,28.8,81.0,0.0,0.3,0.3,1,0,0,1.0
2024-10-12,28.7,82.0,0.0,0.3,0.3,1,0,0,1.0
2024-10-13,28.7,80.0,16.0,16.0,16.3,1,0,0,1.0
2024-10-14,28.6,82.0,0.0,16.0,16.3,1,0,0,1.0
2024-10-15,28.2,80.0,6.4,22.4,22.4,1,0,0,1.0
2024-10-16,26.6,76.0,0.0,6.4,22.4,1,0,0,1.0
2024-10-17,26.9,75.0,0.0,6.4,22.4,1,0,0,1.0
2024-10-18,27.0,79.0,0.0,0.0,6.4,1,0,0,1.0
2024-10-19,28.0,83.0,0.0,0.0,6.4,1,0,0,1.0
2024-10-20,26.2,86.0,6.0,6.0,6.0,1,0,0,1.0
2024-10-21,26.9,82.0,0.0,6.0,6.0,1,0,0,1.0
2024-10-22,28.2,81.0,0.1,6.1,6.1,1,0,0,1.0
2024-10-23,27.7,78.0,0.0,0.1,6.1,1,0,0,1.0
2024-10-24,27.8,80.0,1.9,2.0,8.0,1,0,0,1.0
2024-10-25,27.7,81.0,0.6,2.5,2.6,1,0,0,1.0
2024-10-26,27.2,86.0,18.5,21.0,21.1,1,0,0,1.0
2024-10-27,28.0,82.0,41.2,60.3,62.2,3,0,0,1.5
2024-10-28,29.1,76.0,0.0,59.7,62.2,3,0,0,1.5
2024-10-29,29.0,75.0,0.0,41.2,60.3,2,0,0,1.2
2024-10-30,28.4,80.0,0.0,0.0,59.7,2,0,0,1.2
2024-10-31,28.2,82.0,92.0,92.0,133.2,4,0,0,2.5
2024-11-01,26.8,87.0,53.1,145.1,145.1,4,0,0,2.5
2024-11-02,27.8,83.0,0.1,145.2,145.2,4,0,0,2.5
2024-11-03,28.1,80.0,0.0,53.2,145.2,4,0,0,2.5
2024-11-04,27.8,79.0,2.6,2.7,147.8,4,0,0,2.5
2024-11-05,28.9,80.0,0.0,2.6,55.8,2,0,0,1.2
2024-11-06,27.5,83.0,18.8,21.4,21.5,1,0,0,1.0
2024-11-07,28.4,83.0,3.0,21.8,24.4,1,0,0,1.0
2024-11-08,28.2,83.0,4.1,25.9,28.5,2,0,0,1.2
2024-11-09,28.4,83.0,10.9,18.0,36.8,2,0,0,1.2
2024-11-10,27.4,85.0,19.1,34.1,55.900000000000006,2,0,0,1.2
2024-11-11,27.5,87.0,62.7,92.7,99.8,4,0,0,2.5
2024-11-12,27.9,85.0,28.3,110.1,125.1,4,0,0,2.5
2024-11-13,28.8,81.0,0.1,91.1,121.1,4,0,0,2.5
2024-11-14,28.8,83.0,0.0,28.4,110.20000000000002,3,0,0,1.5
2024-11-15,28.8,83.0,4.2,4.3,95.3,3,0,0,1.5
2024-11-16,28.3,83.0,1.7,5.9,34.3,2,0,0,1.2
2024-11-17,27.5,85.0,0.0,5.9,6.0,1,0,0,1.0
2024-11-18,28.0,85.0,37.5,39.2,43.4,2,0,0,1.2
2024-11-19,28.2,86.0,27.9,65.4,71.3,3,0,0,1.5
2024-11-20,28.6,83.0,6.6,72.0,73.69999999999999,3,0,0,1.5
2024-11-21,28.6,83.0,3.0,37.5,74.99999999999999,2,0,0,1.2
2024-11-22,28.8,83.0,2.0,11.6,76.99999999999999,2,0,0,1.2
2024-11-23,28.6,84.0,0.8,5.8,40.3,2,0,0,1.2
2024-11-24,28.2,88.0,4.3,7.1,16.7,1,0,0,1.0
2024-11-25,28.9,82.0,7.8,12.9,17.9,1,0,0,1.0
2024-11-26,27.5,85.0,56.5,68.6,71.4,3,0,0,1.5
2024-11-27,27.5,87.0,9.3,73.6,78.7,3,0,0,1.5
2024-11-28,25.7,95.0,31.2,97.0,109.1,4,0,0,2.5
2024-11-29,27.9,85.0,197.8,238.3,302.6,4,0,0,2.5
2024-11-30,28.9,82.0,1.6,230.6,296.40000000000003,4,0,0,2.5
2024-12-01,26.5,93.0,4.9,204.3,244.8,4,0,0,2.5
2024-12-02,26.0,92.0,113.4,119.9,348.90000000000003,4,0,0,2.5
2024-12-03,27.6,85.0,21.0,139.3,338.70000000000005,4,0,0,2.5
2024-12-04,27.5,84.0,1.8,136.20000000000002,142.70000000000002,4,0,0,2.5
2024-12-05,28.6,83.0,0.0,22.8,141.10000000000002,4,0,0,2.5
2024-12-06,27.7,86.0,81.3,83.1,217.5,4,0,0,2.5
2024-12-07,27.6,88.0,7.1,88.39999999999999,111.2,4,0,0,2.5
2024-12-08,27.6,86.0,2.0,90.4,92.2,4,0,0,2.5
2024-12-09,27.8,86.0,7.9,17.0,98.3,3,0,0,1.5
2024-12-10,28.2,82.0,0.0,9.9,98.3,3,0,0,1.5
2024-12-11,29.2,77.0,1.4,9.3,18.4,1,0,0,1.0
2024-12-12,28.8,77.0,2.5,3.9,13.8,1,0,0,1.0
2024-12-13,29.0,81.0,0.0,3.9,11.8,1,0,0,1.0
2024-12-14,28.0,84.0,2.1,4.6,6.0,1,0,0,1.0
2024-12-15,27.7,87.0,0.9,3.0,6.9,1,0,0,1.0
2024-12-16,27.6,85.0,9.2,12.2,14.7,1,0,0,1.0
2024-12-17,28.4,82.0,8.9,19.0,21.1,1,0,0,1.0
2024-12-18,28.0,83.0,25.4,43.5,46.5,2,0,0,1.2
2024-12-19,28.8,77.0,0.0,34.3,44.4,2,0,0,1.2
2024-12-20,28.8,81.0,0.0,25.4,43.5,2,0,0,1.2
2024-12-21,28.2,82.0,0.0,0.0,34.3,2,0,0,1.2
2024-12-22,27.8,86.0,7.1,7.1,32.5,2,0,0,1.2
2024-12-23,28.2,82.0,23.3,30.4,30.4,2,0,0,1.2
2024-12-24,27.0,89.0,74.5,104.9,104.9,4,0,0,2.5
2024-12-25,28.0,84.0,2.2,100.0,107.1,4,0,0,2.5
2024-12-26,26.4,88.0,21.9,98.6,129.0,4,0,0,2.5
2024-12-27,28.3,82.0,0.5,24.60000000000001,122.4,4,0,0,2.5
2024-12-28,28.6,81.0,0.0,22.400000000000013,99.1,3,0,0,1.5
2024-12-29,28.1,84.0,0.0,0.5000000000000142,24.6,1,0,0,1.0
2024-12-30,28.4,81.0,25.5,25.50000000000001,47.9,2,0,0,1.2
2024-12-31,27.5,80.0,0.2,25.700000000000014,26.2,2,0,0,1.2
2025-01-01,27.8,81.0,0.0,25.700000000000014,25.7,2,0,0,1.2
2025-01-02,28.0,79.0,16.5,16.700000000000014,42.2,2,0,0,1.2
2025-01-03,28.4,81.0,0.0,16.500000000000014,42.2,2,0,0,1.2
2025-01-04,27.8,80.0,3.0,19.50000000000001,19.7,1,0,0,1.0
2025-01-05,25.0,95.0,27.4,30.400000000000013,46.9,2,0,0,1.2
2025-01-06,28.0,84.0,33.0,63.40000000000001,79.9,3,0,0,1.5
2025-01-07,27.7,84.0,1.7,62.100000000000016,65.1,3,0,0,1.5
2025-01-08,27.7,84.0,1.3,36.000000000000014,66.4,2,0,0,1.2
2025-01-09,27.9,82.0,24.8,27.80000000000001,88.2,3,1,1,1.5
2025-01-10,27.1,87.0,0.4,26.50000000000001,61.2,2,1,2,1.2
2025-01-11,28.1,80.0,3.1,28.30000000000001,31.3,2,0,0,1.2
2025-01-12,28.0,82.0,44.2,47.70000000000002,73.80000000000001,3,0,0,1.5
2025-01-13,29.0,77.0,0.0,47.30000000000002,72.5,3,1,1,1.5
2025-01-14,27.0,90.0,14.3,58.500000000000014,62.0,3,0,0,1.5
2025-01-15,27.8,80.0,12.8,27.100000000000016,74.4,2,0,0,1.2
2025-01-16,28.6,82.0,0.0,27.100000000000016,71.30000000000001,2,0,0,1.2
2025-01-17,29.2,80.0,0.2,13.000000000000014,27.3,1,0,0,1.0
2025-01-18,28.6,80.0,0.0,0.2000000000000142,27.3,1,0,0,1.0
2025-01-19,28.3,84.0,0.9,1.1000000000000143,13.9,1,0,0,1.0
2025-01-20,27.7,82.0,0.5,1.400000000000014,1.6,1,0,0,1.0
2025-01-21,27.6,84.0,2.3,3.700000000000014,3.9,1,0,0,1.0
2025-01-22,27.7,85.0,32.0,34.80000000000001,35.7,2,0,0,1.2
2025-01-23,27.6,84.0,0.2,34.500000000000014,35.900000000000006,2,0,0,1.2
2025-01-24,27.9,84.0,0.0,32.20000000000002,35.00000000000001,2,0,0,1.2
2025-01-25,27.9,81.0,6.6,6.800000000000018,41.1,2,0,0,1.2
2025-01-26,28.0,84.0,3.7,10.300000000000018,42.5,2,0,0,1.2
2025-01-27,28.1,80.0,3.8,14.100000000000016,14.300000000000004,1,1,1,1.0
2025-01-28,27.8,86.0,0.0,7.500000000000018,14.100000000000003,1,0,0,1.0
2025-01-29,28.1,82.0,11.4,15.200000000000015,25.500000000000004,1,0,0,1.0
2025-01-30,28.0,75.0,1.0,12.400000000000018,19.9,1,0,0,1.0
2025-01-31,28.8,74.0,0.0,12.40000000000002,16.200000000000003,1,0,0,1.0
2025-02-01,28.3,78.0,0.9,1.9000000000000177,13.300000000000002,1,0,0,1.0
2025-02-02,28.8,76.0,0.0,0.9000000000000178,13.300000000000004,1,0,0,1.0
2025-02-03,29.5,76.0,0.0,0.9000000000000178,1.9000000000000017,1,0,0,1.0
2025-02-04,29.2,76.0,0.0,0.0,0.9000000000000018,1,0,0,1.0
2025-02-05,28.4,77.0,0.0,0.0,0.9000000000000018,1,0,0,1.0
2025-02-06,28.9,79.0,8.0,8.000000000000018,8.000000000000002,1,0,0,1.0
2025-02-07,29.8,74.0,0.0,8.000000000000018,8.000000000000002,1,0,0,1.0
2025-02-08,28.9,81.0,0.4,8.400000000000018,8.400000000000002,1,0,0,1.0
2025-02-09,28.6,81.0,0.0,0.4000000000000178,8.400000000000002,1,0,0,1.0
2025-02-10,28.6,79.0,0.4,0.8000000000000178,8.800000000000002,1,0,0,1.0
2025-02-11,28.6,75.0,0.0,0.4000000000000178,0.8000000000000018,1,0,0,1.0
2025-02-12,28.9,80.0,0.0,0.4000000000000178,0.8000000000000018,1,0,0,1.0
2025-02-13,27.4,86.0,0.4,0.4000000000000178,0.8000000000000018,1,0,0,1.0
2025-02-14,28.1,85.0,31.0,31.400000000000016,31.8,2,0,0,1.2
2025-02-15,27.4,83.0,2.8,34.20000000000002,34.2,2,0,0,1.2
2025-02-16,27.6,82.0,0.4,34.20000000000002,34.6,2,0,0,1.2
2025-02-17,26.0,90.0,65.6,68.80000000000001,100.2,3,0,0,1.5
2025-02-18,26.8,85.0,11.3,77.30000000000001,111.09999999999998,3,0,0,1.5
2025-02-19,26.6,89.0,10.9,87.80000000000001,91.0,4,0,0,2.5
2025-02-20,27.0,82.0,20.4,42.600000000000016,108.6,3,0,0,1.5
2025-02-21,28.3,81.0,0.0,31.30000000000001,108.2,3,0,0,1.5
2025-02-22,28.6,81.0,0.0,20.400000000000013,42.59999999999999,2,0,0,1.2
2025-02-23,28.0,82.0,0.3,0.3000000000000142,31.599999999999987,2,0,0,1.2
2025-02-24,27.6,85.0,2.0,2.300000000000014,22.69999999999999,1,1,1,1.0
2025-02-25,27.6,84.0,2.0,4.300000000000014,4.299999999999989,1,0,0,1.0
2025-02-26,27.6,87.0,0.4,4.400000000000015,4.6999999999999895,1,0,0,1.0
2025-02-27,28.3,82.0,0.0,2.400000000000014,4.6999999999999895,1,0,0,1.0
2025-02-28,28.1,85.0,8.4,8.800000000000015,12.79999999999999,1,0,0,1.0
2025-03-01,28.2,82.0,0.0,8.400000000000015,10.79999999999999,1,0,0,1.0
2025-03-02,29.0,85.0,0.4,8.800000000000015,9.19999999999999,1,0,0,1.0
2025-03-03,27.1,92.0,0.8,1.2000000000000144,9.599999999999987,1,0,0,1.0
2025-03-04,28.0,85.0,19.0,20.200000000000014,28.599999999999987,2,0,0,1.2
2025-03-05,28.5,82.0,0.0,19.80000000000001,20.19999999999999,1,0,0,1.0
2025-03-06,29.5,82.0,0.0,19.00000000000001,20.19999999999999,1,0,0,1.0
2025-03-07,26.8,94.0,4.8,4.800000000000014,24.599999999999987,1,0,0,1.0
2025-03-08,27.7,89.0,13.0,17.800000000000015,36.79999999999998,2,0,0,1.2
2025-03-09,27.3,88.0,10.6,28.400000000000013,28.399999999999984,2,0,0,1.2
2025-03-10,27.1,92.0,1.6,25.200000000000014,29.999999999999982,2,0,0,1.2
2025-03-11,27.9,88.0,0.0,12.200000000000014,29.999999999999982,2,0,0,1.2
2025-03-12,28.4,85.0,1.6,3.2000000000000144,26.799999999999983,1,0,0,1.0
2025-03-13,29.1,79.0,0.4,2.000000000000014,14.199999999999983,1,0,0,1.0
2025-03-14,27.8,84.0,37.2,39.20000000000002,40.79999999999999,2,1,1,1.2
2025-03-15,27.3,85.0,2.2,39.80000000000002,41.39999999999999,2,0,0,1.2
2025-03-16,27.2,90.0,0.8,40.20000000000002,42.19999999999999,2,0,0,1.2
2025-03-17,27.4,89.0,1.2,4.200000000000014,41.79999999999999,2,0,0,1.2
2025-03-18,28.4,77.0,37.2,39.20000000000002,78.6,2,0,0,1.2
2025-03-19,27.5,86.0,23.4,61.80000000000002,64.79999999999998,3,0,0,1.5
2025-03-20,28.0,82.0,1.4,62.000000000000014,63.99999999999999,3,0,0,1.5
2025-03-21,29.1,79.0,0.1,24.900000000000013,63.29999999999999,2,0,0,1.2
2025-03-22,28.9,85.0,1.0,2.500000000000014,63.09999999999999,2,0,0,1.2
2025-03-23,29.1,83.0,0.0,1.1000000000000143,25.899999999999984,1,0,0,1.0
2025-03-24,28.5,84.0,0.0,1.0000000000000142,2.499999999999986,1,0,0,1.0
2025-03-25,29.9,78.0,0.0,0.0,1.099999999999986,1,0,0,1.0
2025-03-26,29.7,78.0,0.0,0.0,0.9999999999999858,1,0,0,1.0
2025-03-27,29.5,80.0,0.0,0.0,0.0,1,0,0,1.0
2025-03-28,28.2,88.0,0.0,0.0,0.0,1,0,0,1.0
2025-03-29,28.1,82.0,13.6,13.600000000000014,13.599999999999984,1,0,0,1.0
2025-03-30,28.6,84.0,0.0,13.600000000000014,13.599999999999984,1,0,0,1.0
2025-03-31,28.8,81.0,0.2,13.800000000000011,13.799999999999985,1,0,0,1.0
2025-04-01,27.8,85.0,0.6,0.8000000000000143,14.399999999999986,1,0,0,1.0
2025-04-02,28.1,83.0,2.0,2.800000000000014,16.399999999999984,1,1,1,1.0
2025-04-03,27.6,85.0,1.8,4.400000000000015,4.599999999999985,1,1,1,1.0
2025-04-04,28.3,82.0,0.0,3.8000000000000154,4.599999999999985,1,0,0,1.0
2025-04-05,28.0,82.0,4.2,6.000000000000014,8.599999999999987,1,0,0,1.0
2025-04-06,28.1,82.0,0.2,4.400000000000016,8.199999999999987,1,0,0,1.0
2025-04-07,28.3,81.0,0.0,4.400000000000016,6.199999999999987,1,0,0,1.0
2025-04-08,28.5,79.0,0.0,0.2000000000000151,4.399999999999987,1,0,0,1.0
2025-04-09,28.9,83.0,0.4,0.4000000000000151,4.7999999999999865,1,0,0,1.0
2025-04-10,28.0,90.0,59.0,59.40000000000001,59.59999999999999,3,0,0,1.5
2025-04-11,27.8,87.0,2.0,61.40000000000001,61.399999999999984,3,0,0,1.5
2025-04-12,26.2,94.0,0.0,61.000000000000014,61.399999999999984,3,0,0,1.5
2025-04-13,27.6,88.0,23.4,25.400000000000013,84.79999999999998,2,0,0,1.2
2025-04-14,27.3,90.0,8.8,32.20000000000002,93.2,3,0,0,1.5
2025-04-15,28.2,85.0,3.8,36.000000000000014,37.99999999999999,2,0,0,1.2
2025-04-16,28.9,83.0,0.0,12.600000000000016,35.999999999999986,2,0,0,1.2
2025-04-17,28.2,85.0,0.0,3.800000000000014,35.999999999999986,2,0,0,1.2
2025-04-18,27.6,87.0,2.0,2.000000000000014,14.599999999999987,1,0,0,1.0
2025-04-19,27.5,86.0,13.3,15.300000000000017,19.099999999999987,1,0,0,1.0
2025-04-20,27.2,86.0,0.0,15.300000000000017,15.299999999999986,1,0,0,1.0
2025-04-21,28.3,84.0,0.0,13.300000000000017,15.299999999999986,1,0,0,1.0
2025-04-22,28.4,83.0,4.2,4.200000000000014,19.499999999999982,1,0,0,1.0
2025-04-23,27.9,88.0,3.4,7.600000000000014,20.899999999999988,1,0,0,1.0
2025-04-24,27.4,87.0,36.0,43.600000000000016,43.59999999999999,2,0,0,1.2
2025-04-25,28.3,87.0,56.0,95.4,99.6,4,0,0,2.5
2025-04-26,28.5,85.0,5.8,97.80000000000004,105.4,4,0,0,2.5
2025-04-27,28.3,85.0,1.6,63.40000000000001,102.79999999999998,3,0,0,1.5
2025-04-28,27.7,81.0,0.0,7.400000000000015,99.4,3,0,0,1.5
2025-04-29,27.6,82.0,1.0,2.6000000000000143,64.39999999999999,2,0,0,1.2
2025-04-30,28.0,82.0,0.4,1.400000000000014,8.799999999999986,1,0,0,1.0
2025-05-01,27.7,86.0,0.8,2.2000000000000144,3.799999999999986,1,0,0,1.0
2025-05-02,27.2,91.0,3.8,5.000000000000014,5.999999999999986,1,0,0,1.0
2025-05-03,28.1,85.0,49.7,54.30000000000002,55.69999999999999,3,0,0,1.5
2025-05-04,28.3,86.0,1.0,54.50000000000002,55.69999999999999,3,0,0,1.5
2025-05-05,28.1,84.0,0.0,50.70000000000002,55.29999999999999,3,0,0,1.5
2025-05-06,27.6,89.0,4.6,5.600000000000014,59.09999999999999,2,0,0,1.2
2025-05-07,28.2,88.0,4.7,9.300000000000017,59.99999999999999,2,0,0,1.2
2025-05-08,28.1,88.0,21.6,30.900000000000016,31.899999999999988,2,0,0,1.2
2025-05-09,27.9,87.0,19.0,45.30000000000002,49.89999999999999,2,0,0,1.2
2025-05-10,27.5,87.0,0.0,40.600000000000016,49.89999999999999,2,0,0,1.2
2025-05-11,28.1,85.0,2.8,21.80000000000001,48.09999999999999,2,0,0,1.2
2025-05-12,28.0,86.0,16.6,19.400000000000016,59.99999999999999,2,0,0,1.2
2025-05-13,27.6,89.0,0.0,19.400000000000016,38.39999999999999,2,0,0,1.2
2025-05-14,27.6,87.0,6.4,23.00000000000001,25.79999999999999,2,0,0,1.2
2025-05-15,27.7,86.0,10.6,17.000000000000014,36.39999999999999,2,0,0,1.2
2025-05-16,28.4,87.0,17.6,34.600000000000016,51.19999999999999,2,0,0,1.2
2025-05-17,27.5,86.0,0.6,28.80000000000002,35.19999999999998,2,0,0,1.2
2025-05-18,27.8,87.0,9.8,28.00000000000001,44.99999999999999,2,0,0,1.2
2025-05-19,27.4,89.0,2.0,12.400000000000016,40.59999999999999,2,0,0,1.2
2025-05-20,27.5,86.0,0.0,11.800000000000017,29.999999999999982,2,0,0,1.2
2025-05-21,28.3,83.0,11.2,13.200000000000014,23.599999999999987,1,0,0,1.0
2025-05-22,27.7,90.0,14.7,25.900000000000013,37.69999999999998,2,0,0,1.2
2025-05-23,26.6,93.0,55.5,81.4,83.39999999999998,4,0,0,2.5
2025-05-24,27.5,90.0,29.6,99.8,111.0,4,1,1,2.5
2025-05-25,27.3,90.0,73.8,158.90000000000003,184.8,4,0,0,2.5
2025-05-26,25.8,96.0,23.2,126.60000000000002,196.8,4,0,0,2.5
2025-05-27,27.8,85.0,27.8,124.8,209.9,4,1,1,2.5
2025-05-28,28.6,87.0,0.6,51.600000000000016,154.99999999999997,4,0,0,2.5
2025-05-29,28.4,86.0,0.0,28.400000000000016,125.39999999999998,4,0,0,2.5
2025-05-30,28.2,80.0,0.0,0.6000000000000142,51.59999999999999,2,0,0,1.2
2025-05-31,28.2,82.0,0.0,0.0,28.399999999999988,2,0,0,1.2
2025-06-01,27.7,84.0,4.0,4.000000000000014,4.599999999999985,1,0,0,1.0
2025-06-02,27.9,87.0,0.2,4.200000000000014,4.199999999999986,1,0,0,1.0
2025-06-03,28.5,86.0,0.0,4.200000000000014,4.199999999999986,1,0,0,1.0
2025-06-04,28.6,86.0,0.0,0.2000000000000142,4.199999999999986,1,0,0,1.0
2025-06-05,27.6,87.0,58.4,58.40000000000001,62.59999999999999,3,0,0,1.5
2025-06-06,28.0,83.0,0.0,58.40000000000001,58.59999999999999,3,0,0,1.5
2025-06-07,27.8,86.0,0.2,58.600000000000016,58.59999999999999,3,0,0,1.5
2025-06-08,27.5,83.0,0.0,0.2000000000000142,58.59999999999999,2,0,0,1.2
2025-06-09,28.1,86.0,0.0,0.2000000000000142,58.59999999999999,2,0,0,1.2
2025-06-10,27.3,90.0,23.4,23.400000000000013,23.599999999999984,2,0,0,1.2
2025-06-11,27.5,86.0,28.8,52.20000000000002,52.399999999999984,3,0,0,1.5
2025-06-12,27.6,85.0,3.6,55.80000000000001,55.79999999999998,3,0,0,1.5
2025-06-13,28.1,83.0,0.0,32.40000000000001,55.79999999999998,2,0,0,1.2
2025-06-14,27.9,82.0,7.2,10.800000000000017,62.99999999999999,2,0,0,1.2
2025-06-15,27.8,83.0,19.4,26.600000000000016,58.99999999999999,2,0,0,1.2
2025-06-16,27.9,86.0,11.4,38.000000000000014,41.59999999999999,2,0,0,1.2
2025-06-17,27.5,85.0,38.6,69.4,76.6,3,0,0,1.5
2025-06-18,28.5,70.0,0.4,50.40000000000001,76.99999999999999,3,0,0,1.5
2025-06-19,27.3,72.0,0.0,39.000000000000014,69.79999999999998,2,0,0,1.2
2025-06-20,27.3,79.0,0.0,0.4000000000000142,50.39999999999999,2,0,0,1.2
2025-06-21,27.4,82.0,0.6,0.6000000000000142,39.59999999999999,2,0,0,1.2
2025-06-22,27.3,85.0,26.8,27.400000000000016,27.799999999999983,2,0,0,1.2
2025-06-23,27.8,82.0,6.6,34.000000000000014,33.999999999999986,2,0,0,1.2
2025-06-24,27.5,80.0,6.8,40.20000000000002,40.79999999999999,2,0,0,1.2
2025-06-25,27.9,80.0,0.0,13.400000000000013,40.79999999999999,2,0,0,1.2
2025-06-26,27.9,76.0,0.2,7.000000000000014,40.399999999999984,2,0,0,1.2
2025-06-27,27.6,82.0,0.0,0.2000000000000142,13.599999999999984,1,0,0,1.0
2025-06-28,27.5,84.0,33.2,33.40000000000002,40.19999999999999,2,0,0,1.2
2025-06-29,27.6,79.0,7.9,41.100000000000016,41.29999999999999,2,0,0,1.2
2025-06-30,27.5,82.0,15.0,56.100000000000016,56.29999999999999,3,0,0,1.5
2025-07-01,27.3,84.0,22.2,45.100000000000016,78.29999999999998,2,0,0,1.2
2025-07-02,27.4,84.0,0.0,37.20000000000002,78.29999999999998,2,0,0,1.2
2025-07-03,27.3,79.0,0.0,22.200000000000017,45.09999999999999,2,0,0,1.2
2025-07-04,26.0,82.0,0.0,0.0,37.19999999999999,2,0,0,1.2
2025-07-05,26.7,78.0,0.0,0.0,22.19999999999999,1,0,0,1.0
2025-07-06,26.8,85.0,1.0,1.0000000000000142,0.9999999999999858,1,0,0,1.0
2025-07-07,27.4,82.0,0.0,1.0000000000000142,0.9999999999999858,1,0,0,1.0
2025-07-08,27.2,81.0,3.4,4.400000000000015,4.399999999999986,1,0,0,1.0
2025-07-09,26.4,74.0,0.0,3.400000000000014,4.399999999999986,1,0,0,1.0
2025-07-10,25.4,77.0,0.0,3.400000000000014,4.399999999999986,1,0,0,1.0
2025-07-11,26.0,78.0,0.0,0.0,3.3999999999999857,1,0,0,1.0
2025-07-12,25.9,83.0,0.0,0.0,3.3999999999999857,1,0,0,1.0
2025-07-13,26.5,84.0,0.0,0.0,0.0,1,0,0,1.0
2025-07-14,27.5,78.0,0.4,0.4000000000000142,0.3999999999999858,1,0,0,1.0
2025-07-15,26.6,83.0,0.0,0.4000000000000142,0.3999999999999858,1,0,0,1.0
2025-07-16,26.9,79.0,0.4,0.8000000000000143,0.7999999999999858,1,0,0,1.0
2025-07-17,25.8,79.0,0.0,0.4000000000000142,0.7999999999999858,1,0,0,1.0
2025-07-18,25.6,80.0,0.0,0.4000000000000142,0.7999999999999858,1,0,0,1.0
2025-07-19,25.7,78.0,0.0,0.0,0.3999999999999858,1,0,0,1.0
2025-07-20,25.7,76.0,0.0,0.0,0.3999999999999858,1,0,0,1.0
2025-07-21,25.6,72.0,0.0,0.0,0.0,1,0,0,1.0
2025-07-22,25.1,80.0,0.0,0.0,0.0,1,0,0,1.0
2025-07-23,25.8,84.0,0.0,0.0,0.0,1,0,0,1.0
2025-07-24,26.9,81.0,0.0,0.0,0.0,1,0,0,1.0
2025-07-25,27.4,78.0,10.0,10.000000000000014,9.999999999999986,1,0,0,1.0
2025-07-26,27.4,81.0,4.0,14.000000000000014,13.999999999999986,1,0,0,1.0
2025-07-27,27.5,84.0,1.8,15.800000000000017,15.799999999999986,1,0,0,1.0
2025-07-28,26.5,85.0,2.6,8.400000000000015,18.399999999999984,1,0,0,1.0
2025-07-29,27.0,81.0,18.3,22.700000000000017,36.69999999999999,2,0,0,1.2
2025-07-30,25.1,91.0,3.8,24.700000000000014,30.49999999999999,2,0,0,1.2
2025-07-31,26.6,83.0,15.0,37.100000000000016,41.49999999999999,2,0,0,1.2
2025-08-01,26.9,82.0,0.0,18.80000000000001,39.69999999999999,2,0,0,1.2
2025-08-02,26.7,85.0,1.0,16.00000000000001,38.1,2,0,0,1.2
2025-08-03,27.6,86.0,1.6,2.6000000000000107,21.399999999999988,1,0,0,1.0
2025-08-04,27.1,85.0,14.8,17.400000000000013,32.399999999999984,2,0,0,1.2
2025-08-05,27.5,80.0,3.8,20.20000000000001,21.199999999999985,1,0,0,1.0
2025-08-06,27.2,78.0,0.0,18.60000000000001,21.199999999999985,1,0,0,1.0
2025-08-07,26.2,82.0,0.0,3.8000000000000105,20.199999999999985,1,0,0,1.0
2025-08-08,27.9,78.0,0.0,0.0,18.599999999999984,1,0,0,1.0
2025-08-09,28.0,78.0,0.0,0.0,3.7999999999999856,1,0,0,1.0
2025-08-10,27.8,78.0,0.0,0.0,0.0,1,0,0,1.0
2025-08-11,26.9,84.0,8.0,8.00000000000001,7.999999999999986,1,0,0,1.0
2025-08-12,26.2,87.0,10.1,18.10000000000001,18.099999999999987,1,0,0,1.0
2025-08-13,26.8,85.0,65.9,84.00000000000001,84.0,4,0,0,2.5
2025-08-14,27.8,66.0,3.8,79.80000000000001,87.8,4,0,0,2.5
2025-08-15,26.3,70.0,1.4,71.10000000000002,89.2,3,0,0,1.5
2025-08-16,26.6,81.0,15.8,21.00000000000001,97.0,3,0,0,1.5
2025-08-17,27.3,81.0,0.0,17.200000000000014,86.9,2,0,0,1.2
2025-08-18,27.9,83.0,2.8,18.600000000000016,23.8,1,1,1,1.0
2025-08-19,26.1,85.0,5.4,8.200000000000014,25.4,1,0,0,1.0
2025-08-20,26.6,81.0,4.8,13.000000000000014,28.8,2,0,0,1.2
2025-08-21,27.1,82.0,0.0,10.200000000000014,13.0,1,0,0,1.0
2025-08-22,27.4,84.0,0.0,4.800000000000014,13.0,1,0,0,1.0
2025-08-23,27.6,83.0,4.4,4.400000000000015,14.6,1,0,0,1.0
2025-08-24,27.3,85.0,15.8,20.200000000000017,25.0,1,0,0,1.0
2025-08-25,27.6,79.0,0.0,20.200000000000017,20.200000000000003,1,0,0,1.0
2025-08-26,26.9,74.0,0.0,15.800000000000017,20.200000000000003,1,0,0,1.0
2025-08-27,26.2,74.0,0.0,0.0,20.200000000000003,1,0,0,1.0
2025-08-28,24.9,85.0,14.4,14.400000000000016,30.200000000000003,2,0,0,1.2
2025-08-29,23.7,96.0,24.6,39.000000000000014,39.0,2,0,0,1.2
2025-08-30,25.1,89.0,79.2,118.20000000000002,118.2,4,0,0,2.5
2025-08-31,26.4,87.0,33.2,137.0,151.4,4,0,0,2.5
2025-09-01,27.0,82.0,2.6,115.0,154.0,4,0,0,2.5
2025-09-02,27.4,84.0,1.4,37.20000000000002,141.0,4,0,0,2.5
2025-09-03,27.3,84.0,0.0,4.000000000000014,116.4,4,0,0,2.5
2025-09-04,27.9,80.0,0.0,1.400000000000014,37.2,2,0,0,1.2
2025-09-05,27.9,76.0,0.0,0.0,4.0,1,0,0,1.0
2025-09-06,27.5,69.0,0.0,0.0,1.4,1,0,0,1.0
2025-09-07,26.4,77.0,0.0,0.0,0.0,1,0,0,1.0
2025-09-08,27.5,72.0,0.6,0.6000000000000142,0.6,1,0,0,1.0
2025-09-09,26.2,88.0,22.6,23.200000000000017,23.200000000000003,2,0,0,1.2
2025-09-10,26.0,87.0,10.4,33.600000000000016,33.6,2,0,0,1.2
2025-09-11,25.6,90.0,36.6,69.60000000000002,70.2,3,1,3,1.5
2025-09-12,26.8,86.0,22.8,69.80000000000001,93.0,3,0,0,1.5
2025-09-13,27.3,80.0,0.0,59.40000000000002,92.4,3,0,0,1.5
2025-09-14,27.2,83.0,0.0,22.80000000000001,69.8,2,0,0,1.2
2025-09-15,27.9,75.0,0.0,0.0,59.400000000000006,2,0,0,1.2
2025-09-16,26.5,86.0,135.0,135.0,157.8,4,0,0,2.5
2025-09-17,26.7,85.0,27.4,162.4,162.4,4,0,0,2.5
2025-09-18,27.2,81.0,9.4,171.8,171.8,4,0,0,2.5
2025-09-19,26.8,87.0,5.6,42.4,177.4,4,1,1,2.5
2025-09-20,27.4,86.0,54.8,69.8,232.2,4,0,0,2.5
2025-09-21,28.1,84.0,5.2,65.6,102.4,3,0,0,1.5
2025-09-22,28.1,76.0,0.4,60.4,75.4,3,0,0,1.5
2025-09-23,27.6,77.0,0.0,5.6000000000000005,66.0,2,0,0,1.2
2025-09-24,27.2,81.0,0.0,0.4,60.4,2,0,0,1.2
2025-09-25,27.8,82.0,0.0,0.0,5.6000000000000005,1,0,0,1.0
2025-09-26,27.8,79.0,0.0,0.0,0.4,1,0,0,1.0
2025-09-27,28.7,78.0,0.0,0.0,0.0,1,0,0,1.0
2025-09-28,26.9,86.0,46.4,46.4,46.4,2,0,0,1.2
2025-09-29,27.1,88.0,75.7,122.1,122.1,4,0,0,2.5
2025-09-30,26.5,87.0,39.6,161.70000000000002,161.70000000000002,4,0,0,2.5
2025-10-01,27.2,85.0,6.0,121.3,167.70000000000002,4,0,0,2.5
2025-10-02,27.5,87.0,10.6,56.20000000000002,178.3,4,0,0,2.5
2025-10-03,27.2,85.0,8.6,25.200000000000014,140.5,4,0,0,2.5
2025-10-04,27.9,76.0,0.0,19.200000000000014,64.80000000000001,2,0,0,1.2
2025-10-05,27.8,82.0,0.0,8.600000000000014,25.200000000000014,1,0,0,1.0
2025-10-06,28.1,84.0,16.0,16.000000000000014,35.20000000000002,2,0,0,1.2
2025-10-07,28.6,80.0,0.0,16.000000000000014,24.60000000000001,1,0,0,1.0
2025-10-08,28.9,74.0,0.0,16.000000000000014,16.000000000000014,1,0,0,1.0
2025-10-09,27.8,76.0,0.0,0.0,16.000000000000014,1,0,0,1.0
2025-10-10,27.7,76.0,4.0,4.000000000000014,20.00000000000001,1,0,0,1.0
2025-10-11,27.6,78.0,10.2,14.200000000000014,14.200000000000014,1,0,0,1.0
2025-10-12,28.2,83.0,17.4,31.60000000000001,31.60000000000001,2,1,15,1.2
2025-10-13,27.2,87.0,343.2,370.8,374.8,4,0,0,2.5
2025-10-14,27.9,85.0,10.4,371.0,385.2,4,0,0,2.5
2025-10-15,28.8,84.0,1.4,355.0,382.6,4,0,0,2.5
2025-10-16,29.0,80.0,1.0,12.8,373.4,4,0,0,2.5
2025-10-17,29.2,80.0,2.2,4.6,358.2,4,0,0,2.5
2025-10-18,28.3,84.0,21.6,24.8,36.6,2,0,0,1.2
2025-10-19,28.6,84.0,9.4,33.2,35.6,2,0,0,1.2
2025-10-20,28.2,84.0,0.6,31.6,34.800000000000004,2,0,0,1.2
2025-10-21,27.9,84.0,4.4,14.4,38.2,2,0,0,1.2
2025-10-22,27.2,86.0,66.4,71.4,102.4,3,0,0,1.5
2025-10-23,25.3,94.0,14.8,85.60000000000001,95.6,4,0,0,2.5
2025-10-24,25.8,93.0,49.2,130.4,135.4,4,1,1,2.5
2025-10-25,26.3,88.0,30.2,94.2,165.0,4,0,0,2.5
2025-10-26,26.8,83.0,0.8,80.2,161.4,4,0,0,2.5
2025-10-27,26.9,86.0,0.0,31.0,95.0,3,0,0,1.5
2025-10-28,26.4,88.0,2.8,3.6,83.0,2,0,0,1.2
2025-10-29,27.1,83.0,22.4,25.2,56.2,2,0,0,1.2
2025-10-30,26.5,89.0,1.8,27.0,27.8,2,0,0,1.2
2025-10-31,28.0,85.0,3.7,27.9,30.7,2,0,0,1.2
2025-11-01,28.6,83.0,1.6,7.1,32.3,2,0,0,1.2
2025-11-02,27.1,84.0,31.8,37.1,61.3,2,0,0,1.2
2025-11-03,28.5,80.0,0.0,33.4,38.900000000000006,2,0,0,1.2
2025-11-04,27.8,82.0,8.2,40.0,45.3,2,0,0,1.2
2025-11-05,27.5,83.0,0.2,8.399999999999999,41.8,2,0,0,1.2
2025-11-06,26.4,91.0,17.2,25.6,57.4,2,0,0,1.2
2025-11-07,27.8,83.0,62.4,79.8,88.0,4,1,1,2.5
2025-11-08,27.2,86.0,0.0,79.6,88.0,3,1,1,1.5
2025-11-09,26.9,83.0,29.2,91.6,109.0,4,1,3,2.5
2025-11-10,28.0,81.0,2.0,31.2,110.79999999999998,3,0,0,1.5
2025-11-11,27.1,87.0,25.2,56.4,118.8,4,1,1,2.5
2025-11-12,27.4,83.0,40.2,67.4,96.6,3,0,0,1.5
2025-11-13,27.6,81.0,12.2,77.60000000000001,108.8,3,0,0,1.5
2025-11-14,27.0,84.0,12.9,65.3,92.5,3,0,0,1.5
2025-11-15,27.2,84.0,28.4,53.5,118.9,4,1,3,2.5
2025-11-16,28.2,79.0,25.2,66.5,118.9,4,0,0,2.5
2025-11-17,27.3,87.0,28.0,81.6,106.7,4,0,0,2.5
2025-11-18,27.2,85.0,13.2,66.4,107.7,3,0,0,1.5
2025-11-19,27.2,85.0,28.8,70.0,123.6,4,0,0,2.5
2025-11-20,28.1,82.0,13.2,55.2,108.39999999999998,3,0,0,1.5
2025-11-21,26.1,89.0,14.5,56.5,97.7,3,0,0,1.5
2025-11-22,27.5,81.0,92.6,120.3,162.29999999999998,4,0,0,2.5
2025-11-23,28.1,81.0,0.0,107.1,149.09999999999997,4,0,0,2.5
2025-11-24,27.4,78.0,55.4,148.0,175.7,4,1,2,2.5
2025-11-25,28.3,78.0,0.0,55.4,162.5,4,0,0,2.5
2025-11-26,28.1,79.0,2.8,58.2,150.79999999999998,4,0,0,2.5
2025-11-27,27.8,79.0,0.0,2.8,58.19999999999998,2,0,0,1.2
2025-11-28,28.1,76.0,1.6,4.4,59.79999999999998,2,0,0,1.2
2025-11-29,27.9,75.0,0.0,1.6,4.399999999999986,1,0,0,1.0
2025-11-30,28.3,76.0,0.0,1.6,4.399999999999986,1,0,0,1.0
2025-12-01,29.0,74.0,0.0,0.0,1.599999999999986,1,0,0,1.0
2025-12-02,29.0,76.0,0.0,0.0,1.599999999999986,1,0,0,1.0
2025-12-03,27.3,84.0,32.0,32.0,31.999999999999982,2,0,0,1.2
2025-12-04,26.9,87.0,0.4,32.4,32.399999999999984,2,0,0,1.2
2025-12-05,27.8,82.0,65.4,97.8,97.79999999999998,4,0,0,2.5
2025-12-06,27.7,81.0,45.6,111.4,143.39999999999998,4,0,0,2.5
2025-12-07,26.9,84.0,0.0,111.0,143.39999999999998,4,0,0,2.5
2025-12-08,27.7,83.0,3.8,49.4,115.2,4,0,0,2.5
2025-12-09,28.2,77.0,0.3,4.1,115.09999999999998,4,0,0,2.5
2025-12-10,28.5,76.0,1.2,5.3,50.89999999999997,2,0,0,1.2
2025-12-11,29.0,77.0,0.0,1.5,5.299999999999971,1,0,0,1.0
2025-12-12,29.4,70.0,0.0,1.2,5.299999999999971,1,0,0,1.0
2025-12-13,28.6,74.0,0.0,0.0,1.4999999999999716,1,0,0,1.0
2025-12-14,28.3,80.0,6.6,6.6,7.799999999999971,1,0,0,1.0
2025-12-15,28.1,80.0,4.4,11.0,10.999999999999972,1,0,0,1.0
2025-12-16,28.6,77.0,4.6,15.6,15.599999999999971,1,0,0,1.0
2025-12-17,27.8,82.0,22.1,31.1,37.69999999999997,2,0,0,1.2
2025-12-18,27.6,83.0,28.8,55.5,66.49999999999997,3,0,0,1.5
2025-12-19,28.2,77.0,2.2,53.1,62.09999999999997,3,0,0,1.5
2025-12-20,27.8,82.0,1.5,32.5,59.19999999999997,2,0,0,1.2
2025-12-21,27.6,84.0,6.0,9.7,60.59999999999997,2,0,0,1.2
2025-12-22,28.7,80.0,3.2,10.7,41.69999999999997,2,0,0,1.2
2025-12-23,29.2,79.0,0.0,9.2,12.899999999999972,1,0,0,1.0
2025-12-24,28.2,85.0,2.0,5.2,12.69999999999997,1,0,0,1.0
2025-12-25,28.7,81.0,3.2,5.2,14.39999999999997,1,0,0,1.0
2025-12-26,27.6,86.0,6.2,11.4,14.599999999999971,1,0,0,1.0
2025-12-27,27.8,83.0,32.4,41.8,43.79999999999997,2,0,0,1.2
2025-12-28,29.1,81.0,2.4,40.99999999999999,46.19999999999997,2,0,0,1.2
2025-12-29,28.4,78.0,12.4,47.2,56.599999999999966,2,0,0,1.2
2025-12-30,27.7,83.0,0.0,14.8,53.39999999999996,2,0,0,1.2
2025-12-31,27.5,81.0,19.9,32.3,67.09999999999997,2,0,0,1.2
2026-01-01,26.8,84.0,0.0,19.9,34.699999999999974,2,0,0,1.2
2026-01-02,27.3,79.0,19.6,39.5,51.89999999999998,2,0,0,1.2
2026-01-03,26.9,84.0,0.0,19.6,39.49999999999997,2,0,0,1.2
2026-01-04,27.5,82.0,22.1,41.7,61.599999999999966,2,0,0,1.2
2026-01-05,28.0,80.0,1.2,23.3,42.89999999999998,2,0,0,1.2
2026-01-06,29.4,76.0,0.0,23.3,42.89999999999998,2,0,0,1.2
2026-01-07,29.1,77.0,0.8,2.0,24.099999999999973,1,0,0,1.0
2026-01-08,29.5,72.0,0.0,0.8,24.099999999999973,1,0,0,1.0
2026-01-09,28.9,71.0,4.2,5.0,6.199999999999972,1,0,0,1.0
2026-01-10,28.4,77.0,0.0,4.2,4.999999999999972,1,0,0,1.0
2026-01-11,27.4,78.0,6.0,10.2,10.999999999999972,1,0,0,1.0
2026-01-12,26.2,85.0,0.4,6.4,10.599999999999971,1,0,0,1.0
2026-01-13,27.4,82.0,13.0,19.4,23.599999999999973,1,0,0,1.0
2026-01-14,27.6,79.0,0.5,13.9,19.89999999999997,1,0,0,1.0
2026-01-15,28.0,74.0,4.4,17.9,24.29999999999997,1,0,0,1.0
2026-01-16,28.3,78.0,0.0,4.9,18.29999999999997,1,0,0,1.0
2026-01-17,27.6,85.0,20.8,25.200000000000003,38.69999999999997,2,0,0,1.2
2026-01-18,26.8,85.0,1.2,22.0,26.899999999999974,1,0,0,1.0
2026-01-19,27.7,84.0,4.2,26.200000000000003,30.599999999999973,2,0,0,1.2
2026-01-20,27.4,82.0,15.4,20.8,41.59999999999998,2,0,0,1.2
2026-01-21,27.3,79.0,0.0,19.6,41.59999999999998,2,0,0,1.2
2026-01-22,27.2,80.0,0.1,15.499999999999996,20.899999999999974,1,0,0,1.0
2026-01-23,27.0,80.0,0.0,0.0999999999999964,19.69999999999997,1,0,0,1.0
2026-01-24,29.3,64.0,4.0,4.099999999999996,19.49999999999997,1,0,0,1.0
2026-01-25,28.2,74.0,0.0,3.999999999999997,4.099999999999971,1,0,0,1.0
2026-01-26,27.8,80.0,0.0,3.999999999999997,4.099999999999971,1,0,0,1.0
2026-01-27,27.4,81.0,0.0,0.0,3.999999999999972,1,0,0,1.0
2026-01-28,26.8,81.0,28.6,28.6,32.59999999999997,2,0,0,1.2
2026-01-29,28.9,70.0,0.2,28.8,28.79999999999997,2,0,0,1.2
2026-01-30,27.9,77.0,0.4,29.2,29.19999999999997,2,0,0,1.2
2026-01-31,29.1,75.0,0.0,0.5999999999999965,29.19999999999997,2,0,0,1.2
2026-02-01,27.7,82.0,8.8,9.199999999999998,37.99999999999997,2,0,0,1.2
2026-02-02,27.8,79.0,2.0,10.799999999999995,11.399999999999972,1,0,0,1.0
2026-02-03,28.3,77.0,18.4,29.2,29.599999999999973,2,0,0,1.2
2026-02-04,27.6,84.0,26.8,47.2,55.99999999999997,2,0,0,1.2
2026-02-05,27.9,81.0,19.8,65.0,75.79999999999997,3,0,0,1.5
2026-02-06,28.1,80.0,0.0,46.6,66.99999999999997,2,0,0,1.2
2026-02-07,28.2,80.0,0.0,19.8,64.99999999999997,2,0,0,1.2
2026-02-08,28.6,77.0,0.0,0.0,46.59999999999998,2,0,0,1.2
2026-02-09,27.6,83.0,0.0,0.0,19.799999999999976,1,0,0,1.0
2026-02-10,27.5,83.0,24.8,24.8,24.799999999999976,2,0,0,1.2
2026-02-11,28.2,82.0,0.4,25.2,25.19999999999997,2,0,0,1.2
2026-02-12,28.5,76.0,0.0,25.2,25.19999999999997,2,0,0,1.2
2026-02-13,28.2,78.0,17.8,18.2,42.99999999999997,2,0,0,1.2
2026-02-14,27.9,81.0,3.0,20.8,45.99999999999997,2,0,0,1.2
2026-02-15,27.4,84.0,62.4,83.19999999999999,83.59999999999998,4,0,0,2.5
2026-02-16,27.4,85.0,7.0,72.4,90.19999999999996,3,0,0,1.5
2026-02-17,28.1,83.0,26.6,96.0,116.79999999999998,4,0,0,2.5
2026-02-18,28.0,76.0,0.4,33.99999999999999,99.39999999999998,3,0,0,1.5
2026-02-19,28.2,79.0,0.0,26.999999999999996,96.39999999999998,3,0,0,1.5
2026-02-20,28.3,74.0,1.0,1.3999999999999928,34.999999999999986,2,0,0,1.2
2026-02-21,28.2,80.0,7.4,8.399999999999993,35.39999999999999,2,0,0,1.2
2026-02-22,27.1,86.0,0.0,8.399999999999993,8.799999999999986,1,0,0,1.0
2026-02-23,26.4,86.0,30.0,37.39999999999999,38.399999999999984,2,0,0,1.2
